<?xml version="1.0" encoding="UTF-8" ?>
<!DOCTYPE mapper PUBLIC "-//mybatis.org//DTD Mapper 3.0//EN" "http://mybatis.org/dtd/mybatis-3-mapper.dtd" >
<mapper namespace="org.sang.yun.mapper.EmployeeaccountMapper" >
  <resultMap id="BaseResultMap" type="org.sang.yun.pojo.Employeeaccount" >
    <id column="id" property="id" jdbcType="INTEGER" />
    <result column="empName" property="empName" jdbcType="VARCHAR" />
    <result column="clLogin" property="clLogin" jdbcType="VARCHAR" />
    <result column="empNumber" property="empNumber" jdbcType="VARCHAR" />
    <result column="departId" property="departId" jdbcType="INTEGER" />
    <result column="empPosition" property="empPosition" jdbcType="VARCHAR" />
    <result column="empPhone" property="empPhone" jdbcType="VARCHAR" />
    <result column="empJulisdiction" property="empJulisdiction" jdbcType="VARCHAR" />
    <result column="roleId" property="roleId" jdbcType="INTEGER" />
    <result column="empStatus" property="empStatus" jdbcType="INTEGER" />
  </resultMap>
  <sql id="Example_Where_Clause" >
    <where >
      <foreach collection="oredCriteria" item="criteria" separator="or" >
        <if test="criteria.valid" >
          <trim prefix="(" suffix=")" prefixOverrides="and" >
            <foreach collection="criteria.criteria" item="criterion" >
              <choose >
                <when test="criterion.noValue" >
                  and ${criterion.condition}
                </when>
                <when test="criterion.singleValue" >
                  and ${criterion.condition} #{criterion.value}
                </when>
                <when test="criterion.betweenValue" >
                  and ${criterion.condition} #{criterion.value} and #{criterion.secondValue}
                </when>
                <when test="criterion.listValue" >
                  and ${criterion.condition}
                  <foreach collection="criterion.value" item="listItem" open="(" close=")" separator="," >
                    #{listItem}
                  </foreach>
                </when>
              </choose>
            </foreach>
          </trim>
        </if>
      </foreach>
    </where>
  </sql>
  <sql id="Base_Column_List" >
    id, empName, clLogin, empNumber, departId, empPosition, empPhone, empJulisdiction, 
    roleId, empStatus
  </sql>
  <select id="selectByExample" resultMap="BaseResultMap" parameterType="org.sang.yun.pojo.EmployeeaccountExample" >
    select
    <if test="distinct" >
      distinct
    </if>
    'false' as QUERYID,
    <include refid="Base_Column_List" />
    from employeeaccount
    <if test="_parameter != null" >
      <include refid="Example_Where_Clause" />
    </if>
    <if test="orderByClause != null" >
      order by ${orderByClause}
    </if>
  </select>
  <select id="selectByPrimaryKey" resultMap="BaseResultMap" parameterType="java.lang.Integer" >
    select 
    <include refid="Base_Column_List" />
    from employeeaccount
    where id = #{id,jdbcType=INTEGER}
  </select>
  <delete id="deleteByPrimaryKey" parameterType="java.lang.Integer" >
    delete from employeeaccount
    where id = #{id,jdbcType=INTEGER}
  </delete>
  <insert id="insert" parameterType="org.sang.yun.pojo.Employeeaccount" useGeneratedKeys="true" keyProperty="id" >
    insert into employeeaccount (empName, clLogin, empNumber, 
      departId, empPosition, empPhone, 
      empJulisdiction, roleId, empStatus
      )
    values (#{empName,jdbcType=VARCHAR}, #{clLogin,jdbcType=VARCHAR}, #{empNumber,jdbcType=VARCHAR}, 
      #{departId,jdbcType=INTEGER}, #{empPosition,jdbcType=VARCHAR}, #{empPhone,jdbcType=VARCHAR}, 
      #{empJulisdiction,jdbcType=VARCHAR}, #{roleId,jdbcType=INTEGER}, #{empStatus,jdbcType=INTEGER}
      )
  </insert>
  <insert id="insertSelective" parameterType="org.sang.yun.pojo.Employeeaccount" useGeneratedKeys="true" keyProperty="id" >
    insert into employeeaccount
    <trim prefix="(" suffix=")" suffixOverrides="," >
      <if test="empName != null" >
        empName,
      </if>
      <if test="clLogin != null" >
        clLogin,
      </if>
      <if test="empNumber != null" >
        empNumber,
      </if>
      <if test="departId != null" >
        departId,
      </if>
      <if test="empPosition != null" >
        empPosition,
      </if>
      <if test="empPhone != null" >
        empPhone,
      </if>
      <if test="empJulisdiction != null" >
        empJulisdiction,
      </if>
      <if test="roleId != null" >
        roleId,
      </if>
      <if test="empStatus != null" >
        empStatus,
      </if>
    </trim>
    <trim prefix="values (" suffix=")" suffixOverrides="," >
      <if test="empName != null" >
        #{empName,jdbcType=VARCHAR},
      </if>
      <if test="clLogin != null" >
        #{clLogin,jdbcType=VARCHAR},
      </if>
      <if test="empNumber != null" >
        #{empNumber,jdbcType=VARCHAR},
      </if>
      <if test="departId != null" >
        #{departId,jdbcType=INTEGER},
      </if>
      <if test="empPosition != null" >
        #{empPosition,jdbcType=VARCHAR},
      </if>
      <if test="empPhone != null" >
        #{empPhone,jdbcType=VARCHAR},
      </if>
      <if test="empJulisdiction != null" >
        #{empJulisdiction,jdbcType=VARCHAR},
      </if>
      <if test="roleId != null" >
        #{roleId,jdbcType=INTEGER},
      </if>
      <if test="empStatus != null" >
        #{empStatus,jdbcType=INTEGER},
      </if>
    </trim>
  </insert>
  <update id="updateByPrimaryKeySelective" parameterType="org.sang.yun.pojo.Employeeaccount" >
    update employeeaccount
    <set >
      <if test="empName != null" >
        empName = #{empName,jdbcType=VARCHAR},
      </if>
      <if test="clLogin != null" >
        clLogin = #{clLogin,jdbcType=VARCHAR},
      </if>
      <if test="empNumber != null" >
        empNumber = #{empNumber,jdbcType=VARCHAR},
      </if>
      <if test="departId != null" >
        departId = #{departId,jdbcType=INTEGER},
      </if>
      <if test="empPosition != null" >
        empPosition = #{empPosition,jdbcType=VARCHAR},
      </if>
      <if test="empPhone != null" >
        empPhone = #{empPhone,jdbcType=VARCHAR},
      </if>
      <if test="empJulisdiction != null" >
        empJulisdiction = #{empJulisdiction,jdbcType=VARCHAR},
      </if>
      <if test="roleId != null" >
        roleId = #{roleId,jdbcType=INTEGER},
      </if>
      <if test="empStatus != null" >
        empStatus = #{empStatus,jdbcType=INTEGER},
      </if>
    </set>
    where id = #{id,jdbcType=INTEGER}
  </update>
  <update id="updateByPrimaryKey" parameterType="org.sang.yun.pojo.Employeeaccount" >
    update employeeaccount
    set empName = #{empName,jdbcType=VARCHAR},
      clLogin = #{clLogin,jdbcType=VARCHAR},
      empNumber = #{empNumber,jdbcType=VARCHAR},
      departId = #{departId,jdbcType=INTEGER},
      empPosition = #{empPosition,jdbcType=VARCHAR},
      empPhone = #{empPhone,jdbcType=VARCHAR},
      empJulisdiction = #{empJulisdiction,jdbcType=VARCHAR},
      roleId = #{roleId,jdbcType=INTEGER},
      empStatus = #{empStatus,jdbcType=INTEGER}
    where id = #{id,jdbcType=INTEGER}
  </update>
</mapper>