<?xml version="1.0" encoding="UTF-8" ?>
<!DOCTYPE mapper PUBLIC "-//mybatis.org//DTD Mapper 3.0//EN" "http://mybatis.org/dtd/mybatis-3-mapper.dtd" >
<mapper namespace="org.sang.yun.mapper.OrderpromotionMapper" >
  <resultMap id="BaseResultMap" type="org.sang.yun.pojo.Orderpromotion" >
    <id column="id" property="id" jdbcType="INTEGER" />
    <result column="opTime" property="opTime" jdbcType="DATE" />
    <result column="opTitle" property="opTitle" jdbcType="VARCHAR" />
    <result column="opContent" property="opContent" jdbcType="VARCHAR" />
    <result column="object" property="object" jdbcType="VARCHAR" />
    <result column="prId" property="prId" jdbcType="INTEGER" />
    <result column="orderMoney" property="orderMoney" jdbcType="DOUBLE" />
    <result column="proId" property="proId" jdbcType="INTEGER" />
    <result column="proCount" property="proCount" jdbcType="INTEGER" />
    <result column="reduceMoney" property="reduceMoney" jdbcType="DOUBLE" />
    <result column="discount" property="discount" jdbcType="DOUBLE" />
    <result column="clId" property="clId" jdbcType="INTEGER" />
    <result column="giId" property="giId" jdbcType="INTEGER" />
  </resultMap>
  <sql id="Example_Where_Clause" >
    <where >
      <foreach collection="oredCriteria" item="criteria" separator="or" >
        <if test="criteria.valid" >
          <trim prefix="(" suffix=")" prefixOverrides="and" >
            <foreach collection="criteria.criteria" item="criterion" >
              <choose >
                <when test="criterion.noValue" >
                  and ${criterion.condition}
                </when>
                <when test="criterion.singleValue" >
                  and ${criterion.condition} #{criterion.value}
                </when>
                <when test="criterion.betweenValue" >
                  and ${criterion.condition} #{criterion.value} and #{criterion.secondValue}
                </when>
                <when test="criterion.listValue" >
                  and ${criterion.condition}
                  <foreach collection="criterion.value" item="listItem" open="(" close=")" separator="," >
                    #{listItem}
                  </foreach>
                </when>
              </choose>
            </foreach>
          </trim>
        </if>
      </foreach>
    </where>
  </sql>
  <sql id="Base_Column_List" >
    id, opTime, opTitle, opContent, object, prId, orderMoney, proId, proCount, reduceMoney, 
    discount, clId, giId
  </sql>
  <select id="selectByExample" resultMap="BaseResultMap" parameterType="org.sang.yun.pojo.OrderpromotionExample" >
    select
    <if test="distinct" >
      distinct
    </if>
    'false' as QUERYID,
    <include refid="Base_Column_List" />
    from orderpromotion
    <if test="_parameter != null" >
      <include refid="Example_Where_Clause" />
    </if>
    <if test="orderByClause != null" >
      order by ${orderByClause}
    </if>
  </select>
  <select id="selectByPrimaryKey" resultMap="BaseResultMap" parameterType="java.lang.Integer" >
    select 
    <include refid="Base_Column_List" />
    from orderpromotion
    where id = #{id,jdbcType=INTEGER}
  </select>
  <delete id="deleteByPrimaryKey" parameterType="java.lang.Integer" >
    delete from orderpromotion
    where id = #{id,jdbcType=INTEGER}
  </delete>
  <insert id="insert" parameterType="org.sang.yun.pojo.Orderpromotion" useGeneratedKeys="true" keyProperty="id" >
    insert into orderpromotion (opTime, opTitle, opContent, 
      object, prId, orderMoney, 
      proId, proCount, reduceMoney, 
      discount, clId, giId
      )
    values (#{opTime,jdbcType=DATE}, #{opTitle,jdbcType=VARCHAR}, #{opContent,jdbcType=VARCHAR}, 
      #{object,jdbcType=VARCHAR}, #{prId,jdbcType=INTEGER}, #{orderMoney,jdbcType=DOUBLE}, 
      #{proId,jdbcType=INTEGER}, #{proCount,jdbcType=INTEGER}, #{reduceMoney,jdbcType=DOUBLE}, 
      #{discount,jdbcType=DOUBLE}, #{clId,jdbcType=INTEGER}, #{giId,jdbcType=INTEGER}
      )
  </insert>
  <insert id="insertSelective" parameterType="org.sang.yun.pojo.Orderpromotion" useGeneratedKeys="true" keyProperty="id" >
    insert into orderpromotion
    <trim prefix="(" suffix=")" suffixOverrides="," >
      <if test="opTime != null" >
        opTime,
      </if>
      <if test="opTitle != null" >
        opTitle,
      </if>
      <if test="opContent != null" >
        opContent,
      </if>
      <if test="object != null" >
        object,
      </if>
      <if test="prId != null" >
        prId,
      </if>
      <if test="orderMoney != null" >
        orderMoney,
      </if>
      <if test="proId != null" >
        proId,
      </if>
      <if test="proCount != null" >
        proCount,
      </if>
      <if test="reduceMoney != null" >
        reduceMoney,
      </if>
      <if test="discount != null" >
        discount,
      </if>
      <if test="clId != null" >
        clId,
      </if>
      <if test="giId != null" >
        giId,
      </if>
    </trim>
    <trim prefix="values (" suffix=")" suffixOverrides="," >
      <if test="opTime != null" >
        #{opTime,jdbcType=DATE},
      </if>
      <if test="opTitle != null" >
        #{opTitle,jdbcType=VARCHAR},
      </if>
      <if test="opContent != null" >
        #{opContent,jdbcType=VARCHAR},
      </if>
      <if test="object != null" >
        #{object,jdbcType=VARCHAR},
      </if>
      <if test="prId != null" >
        #{prId,jdbcType=INTEGER},
      </if>
      <if test="orderMoney != null" >
        #{orderMoney,jdbcType=DOUBLE},
      </if>
      <if test="proId != null" >
        #{proId,jdbcType=INTEGER},
      </if>
      <if test="proCount != null" >
        #{proCount,jdbcType=INTEGER},
      </if>
      <if test="reduceMoney != null" >
        #{reduceMoney,jdbcType=DOUBLE},
      </if>
      <if test="discount != null" >
        #{discount,jdbcType=DOUBLE},
      </if>
      <if test="clId != null" >
        #{clId,jdbcType=INTEGER},
      </if>
      <if test="giId != null" >
        #{giId,jdbcType=INTEGER},
      </if>
    </trim>
  </insert>
  <update id="updateByPrimaryKeySelective" parameterType="org.sang.yun.pojo.Orderpromotion" >
    update orderpromotion
    <set >
      <if test="opTime != null" >
        opTime = #{opTime,jdbcType=DATE},
      </if>
      <if test="opTitle != null" >
        opTitle = #{opTitle,jdbcType=VARCHAR},
      </if>
      <if test="opContent != null" >
        opContent = #{opContent,jdbcType=VARCHAR},
      </if>
      <if test="object != null" >
        object = #{object,jdbcType=VARCHAR},
      </if>
      <if test="prId != null" >
        prId = #{prId,jdbcType=INTEGER},
      </if>
      <if test="orderMoney != null" >
        orderMoney = #{orderMoney,jdbcType=DOUBLE},
      </if>
      <if test="proId != null" >
        proId = #{proId,jdbcType=INTEGER},
      </if>
      <if test="proCount != null" >
        proCount = #{proCount,jdbcType=INTEGER},
      </if>
      <if test="reduceMoney != null" >
        reduceMoney = #{reduceMoney,jdbcType=DOUBLE},
      </if>
      <if test="discount != null" >
        discount = #{discount,jdbcType=DOUBLE},
      </if>
      <if test="clId != null" >
        clId = #{clId,jdbcType=INTEGER},
      </if>
      <if test="giId != null" >
        giId = #{giId,jdbcType=INTEGER},
      </if>
    </set>
    where id = #{id,jdbcType=INTEGER}
  </update>
  <update id="updateByPrimaryKey" parameterType="org.sang.yun.pojo.Orderpromotion" >
    update orderpromotion
    set opTime = #{opTime,jdbcType=DATE},
      opTitle = #{opTitle,jdbcType=VARCHAR},
      opContent = #{opContent,jdbcType=VARCHAR},
      object = #{object,jdbcType=VARCHAR},
      prId = #{prId,jdbcType=INTEGER},
      orderMoney = #{orderMoney,jdbcType=DOUBLE},
      proId = #{proId,jdbcType=INTEGER},
      proCount = #{proCount,jdbcType=INTEGER},
      reduceMoney = #{reduceMoney,jdbcType=DOUBLE},
      discount = #{discount,jdbcType=DOUBLE},
      clId = #{clId,jdbcType=INTEGER},
      giId = #{giId,jdbcType=INTEGER}
    where id = #{id,jdbcType=INTEGER}
  </update>
</mapper>