<?xml version="1.0" encoding="UTF-8" ?>
<!DOCTYPE mapper PUBLIC "-//mybatis.org//DTD Mapper 3.0//EN" "http://mybatis.org/dtd/mybatis-3-mapper.dtd" >
<mapper namespace="org.sang.yun.mapper.Pro_CategoryMapper" >
  <resultMap id="BaseResultMap" type="org.sang.yun.pojo.Pro_Category" >
    <id column="id" property="id" jdbcType="INTEGER" />
    <result column="cateName" property="cateName" jdbcType="VARCHAR" />
    <result column="parentId" property="parentId" jdbcType="INTEGER" />
    <result column="cateType" property="cateType" jdbcType="VARCHAR" />
  </resultMap>
  <sql id="Example_Where_Clause" >
    <where >
      <foreach collection="oredCriteria" item="criteria" separator="or" >
        <if test="criteria.valid" >
          <trim prefix="(" suffix=")" prefixOverrides="and" >
            <foreach collection="criteria.criteria" item="criterion" >
              <choose >
                <when test="criterion.noValue" >
                  and ${criterion.condition}
                </when>
                <when test="criterion.singleValue" >
                  and ${criterion.condition} #{criterion.value}
                </when>
                <when test="criterion.betweenValue" >
                  and ${criterion.condition} #{criterion.value} and #{criterion.secondValue}
                </when>
                <when test="criterion.listValue" >
                  and ${criterion.condition}
                  <foreach collection="criterion.value" item="listItem" open="(" close=")" separator="," >
                    #{listItem}
                  </foreach>
                </when>
              </choose>
            </foreach>
          </trim>
        </if>
      </foreach>
    </where>
  </sql>
  <sql id="Base_Column_List" >
    id, cateName, parentId, cateType
  </sql>
  <select id="selectByExample" resultMap="BaseResultMap" parameterType="org.sang.yun.pojo.Pro_CategoryExample" >
    select
    <if test="distinct" >
      distinct
    </if>
    'false' as QUERYID,
    <include refid="Base_Column_List" />
    from pro_category
    <if test="_parameter != null" >
      <include refid="Example_Where_Clause" />
    </if>
    <if test="orderByClause != null" >
      order by ${orderByClause}
    </if>
  </select>
  <select id="selectByPrimaryKey" resultMap="BaseResultMap" parameterType="java.lang.Integer" >
    select 
    <include refid="Base_Column_List" />
    from pro_category
    where id = #{id,jdbcType=INTEGER}
  </select>
  <delete id="deleteByPrimaryKey" parameterType="java.lang.Integer" >
    delete from pro_category
    where id = #{id,jdbcType=INTEGER}
  </delete>
  <insert id="insert" parameterType="org.sang.yun.pojo.Pro_Category" useGeneratedKeys="true" keyProperty="id" >
    insert into pro_category (cateName, parentId, cateType
      )
    values (#{cateName,jdbcType=VARCHAR}, #{parentId,jdbcType=INTEGER}, #{cateType,jdbcType=VARCHAR}
      )
  </insert>
  <insert id="insertSelective" parameterType="org.sang.yun.pojo.Pro_Category" useGeneratedKeys="true" keyProperty="id" >
    insert into pro_category
    <trim prefix="(" suffix=")" suffixOverrides="," >
      <if test="cateName != null" >
        cateName,
      </if>
      <if test="parentId != null" >
        parentId,
      </if>
      <if test="cateType != null" >
        cateType,
      </if>
    </trim>
    <trim prefix="values (" suffix=")" suffixOverrides="," >
      <if test="cateName != null" >
        #{cateName,jdbcType=VARCHAR},
      </if>
      <if test="parentId != null" >
        #{parentId,jdbcType=INTEGER},
      </if>
      <if test="cateType != null" >
        #{cateType,jdbcType=VARCHAR},
      </if>
    </trim>
  </insert>
  <update id="updateByPrimaryKeySelective" parameterType="org.sang.yun.pojo.Pro_Category" >
    update pro_category
    <set >
      <if test="cateName != null" >
        cateName = #{cateName,jdbcType=VARCHAR},
      </if>
      <if test="parentId != null" >
        parentId = #{parentId,jdbcType=INTEGER},
      </if>
      <if test="cateType != null" >
        cateType = #{cateType,jdbcType=VARCHAR},
      </if>
    </set>
    where id = #{id,jdbcType=INTEGER}
  </update>
  <update id="updateByPrimaryKey" parameterType="org.sang.yun.pojo.Pro_Category" >
    update pro_category
    set cateName = #{cateName,jdbcType=VARCHAR},
      parentId = #{parentId,jdbcType=INTEGER},
      cateType = #{cateType,jdbcType=VARCHAR}
    where id = #{id,jdbcType=INTEGER}
  </update>
</mapper>