<?xml version="1.0" encoding="UTF-8" ?>
<!DOCTYPE mapper PUBLIC "-//mybatis.org//DTD Mapper 3.0//EN" "http://mybatis.org/dtd/mybatis-3-mapper.dtd" >
<mapper namespace="org.sang.yun.mapper.RoleMapper" >
  <resultMap id="BaseResultMap" type="org.sang.yun.pojo.Role" >
    <result column="id" property="id" jdbcType="INTEGER" />
    <result column="roleName" property="roleName" jdbcType="VARCHAR" />
  </resultMap>
  <sql id="Example_Where_Clause" >
    <where >
      <foreach collection="oredCriteria" item="criteria" separator="or" >
        <if test="criteria.valid" >
          <trim prefix="(" suffix=")" prefixOverrides="and" >
            <foreach collection="criteria.criteria" item="criterion" >
              <choose >
                <when test="criterion.noValue" >
                  and ${criterion.condition}
                </when>
                <when test="criterion.singleValue" >
                  and ${criterion.condition} #{criterion.value}
                </when>
                <when test="criterion.betweenValue" >
                  and ${criterion.condition} #{criterion.value} and #{criterion.secondValue}
                </when>
                <when test="criterion.listValue" >
                  and ${criterion.condition}
                  <foreach collection="criterion.value" item="listItem" open="(" close=")" separator="," >
                    #{listItem}
                  </foreach>
                </when>
              </choose>
            </foreach>
          </trim>
        </if>
      </foreach>
    </where>
  </sql>
  <sql id="Base_Column_List" >
    id, roleName
  </sql>
  <select id="selectByExample" resultMap="BaseResultMap" parameterType="org.sang.yun.pojo.RoleExample" >
    select
    <if test="distinct" >
      distinct
    </if>
    'false' as QUERYID,
    <include refid="Base_Column_List" />
    from role
    <if test="_parameter != null" >
      <include refid="Example_Where_Clause" />
    </if>
    <if test="orderByClause != null" >
      order by ${orderByClause}
    </if>
  </select>
  <insert id="insert" parameterType="org.sang.yun.pojo.Role" useGeneratedKeys="true" keyProperty="id" >
    insert into role (roleName)
    values (#{roleName,jdbcType=VARCHAR})
  </insert>
  <insert id="insertSelective" parameterType="org.sang.yun.pojo.Role" useGeneratedKeys="true" keyProperty="id" >
    insert into role
    <trim prefix="(" suffix=")" suffixOverrides="," >
      <if test="roleName != null" >
        roleName,
      </if>
    </trim>
    <trim prefix="values (" suffix=")" suffixOverrides="," >
      <if test="roleName != null" >
        #{roleName,jdbcType=VARCHAR},
      </if>
    </trim>
  </insert>
</mapper>