<?xml version="1.0" encoding="UTF-8"?>
<!DOCTYPE generatorConfiguration
        PUBLIC "-//mybatis.org//DTD MyBatis Generator Configuration 1.0//EN"
        "http://mybatis.org/dtd/mybatis-generator-config_1_0.dtd">
<generatorConfiguration>

    <!-- 当前电脑的数据库驱动程序jar包的全路径 -->
    <classPathEntry location="E:/apache-maven-3.3.9-bin/mavenFiles/mysql/mysql-connector-java/5.1.18/mysql-connector-java-5.1.18.jar"/>

    <context id="context" targetRuntime="MyBatis3">
        <!--是否在代码中显示注释-->
        <commentGenerator>
            <property name="suppressDate" value="true" />
            <property name="suppressAllComments" value="true" />
        </commentGenerator>

        <!--数据库链接地址账号密码-->
        <jdbcConnection driverClass="com.mysql.jdbc.Driver" connectionURL="jdbc:mysql://localhost/yun" userId="root" password="123">
        </jdbcConnection>
        <!--...-->
        <javaTypeResolver>
            <property name="forceBigDecimals" value="false"/>
        </javaTypeResolver>
        <!--生成pojo类存放位置
          targetPackage表明要生成的文件要存放的文件夹
          targetProject表明具体路径
          比如我这里连起来就是：D:\spring\shiroTest\src\main\java下的com.byh.shiro.pojo文件夹保存生成的pojo文件
          下面生成xml和mapper同理
        -->
        <javaModelGenerator targetPackage="org.sang.yun.pojo" targetProject="D:\yun\src\main\java">
            <property name="enableSubPackages" value="true"/>
            <property name="trimStrings" value="true"/>
        </javaModelGenerator>
        <!--生成xml映射文件存放位置-->
        <sqlMapGenerator targetPackage="mapper" targetProject="D:\yun\src\main\java\org\sang\yun\mapper">
            <property name="enableSubPackages" value="true"/>
        </sqlMapGenerator>
        <!--生成mapper类存放位置-->
        <javaClientGenerator type="XMLMAPPER" targetPackage="org.sang.yun.mapper" targetProject="D:\yun\src\main\java">
            <property name="enableSubPackages" value="true"/>
        </javaClientGenerator>

        <!--生成对应表及类名-->
        <table tableName="user" domainObjectName="User" enableCountByExample="false" enableUpdateByExample="false" enableDeleteByExample="false" enableSelectByExample="true" selectByExampleQueryId="false">
            <property name="my.isgen.usekeys" value="true"/>
            <property name="useActualColumnNames" value="true"/>
            <generatedKey column="id" sqlStatement="JDBC"/>
        </table>
        <table tableName="aftersale" domainObjectName="Aftersale" enableCountByExample="false" enableUpdateByExample="false" enableDeleteByExample="false" enableSelectByExample="true" selectByExampleQueryId="false">
            <property name="my.isgen.usekeys" value="true"/>
            <property name="useActualColumnNames" value="true"/>
            <generatedKey column="id" sqlStatement="JDBC"/>
        </table>
        <table tableName="areal" domainObjectName="Areal" enableCountByExample="false" enableUpdateByExample="false" enableDeleteByExample="false" enableSelectByExample="true" selectByExampleQueryId="false">
            <property name="my.isgen.usekeys" value="true"/>
            <property name="useActualColumnNames" value="true"/>
            <generatedKey column="id" sqlStatement="JDBC"/>
        </table>
        <table tableName="bills" domainObjectName="Bills" enableCountByExample="false" enableUpdateByExample="false" enableDeleteByExample="false" enableSelectByExample="true" selectByExampleQueryId="false">
            <property name="my.isgen.usekeys" value="true"/>
            <property name="useActualColumnNames" value="true"/>
            <generatedKey column="id" sqlStatement="JDBC"/>
        </table>
        <table tableName="brand" domainObjectName="Brand" enableCountByExample="false" enableUpdateByExample="false" enableDeleteByExample="false" enableSelectByExample="true" selectByExampleQueryId="false">
            <property name="my.isgen.usekeys" value="true"/>
            <property name="useActualColumnNames" value="true"/>
            <generatedKey column="id" sqlStatement="JDBC"/>
        </table>

        <table tableName="client_type" domainObjectName="Client_Type" enableCountByExample="false" enableUpdateByExample="false" enableDeleteByExample="false" enableSelectByExample="true" selectByExampleQueryId="false">
            <property name="my.isgen.usekeys" value="true"/>
            <property name="useActualColumnNames" value="true"/>
            <generatedKey column="id" sqlStatement="JDBC"/>
        </table>
        <table tableName="department" domainObjectName="Department" enableCountByExample="false" enableUpdateByExample="false" enableDeleteByExample="false" enableSelectByExample="true" selectByExampleQueryId="false">
            <property name="my.isgen.usekeys" value="true"/>
            <property name="useActualColumnNames" value="true"/>
            <generatedKey column="id" sqlStatement="JDBC"/>
        </table>

        <table tableName="dist" domainObjectName="Dist" enableCountByExample="false" enableUpdateByExample="false" enableDeleteByExample="false" enableSelectByExample="true" selectByExampleQueryId="false">
            <property name="my.isgen.usekeys" value="true"/>
            <property name="useActualColumnNames" value="true"/>
            <generatedKey column="id" sqlStatement="JDBC"/>
        </table>

        <table tableName="employeeaccount" domainObjectName="Employeeaccount" enableCountByExample="false" enableUpdateByExample="false" enableDeleteByExample="false" enableSelectByExample="true" selectByExampleQueryId="false">
            <property name="my.isgen.usekeys" value="true"/>
            <property name="useActualColumnNames" value="true"/>
            <generatedKey column="id" sqlStatement="JDBC"/>
        </table>

        <table tableName="finance" domainObjectName="Finance" enableCountByExample="false" enableUpdateByExample="false" enableDeleteByExample="false" enableSelectByExample="true" selectByExampleQueryId="false">
            <property name="my.isgen.usekeys" value="true"/>
            <property name="useActualColumnNames" value="true"/>
            <generatedKey column="id" sqlStatement="JDBC"/>
        </table>

        <table tableName="give" domainObjectName="Give" enableCountByExample="false" enableUpdateByExample="false" enableDeleteByExample="false" enableSelectByExample="true" selectByExampleQueryId="false">
            <property name="my.isgen.usekeys" value="true"/>
            <property name="useActualColumnNames" value="true"/>
            <generatedKey column="id" sqlStatement="JDBC"/>
        </table>

        <table tableName="income" domainObjectName="Income" enableCountByExample="false" enableUpdateByExample="false" enableDeleteByExample="false" enableSelectByExample="true" selectByExampleQueryId="false">
            <property name="my.isgen.usekeys" value="true"/>
            <property name="useActualColumnNames" value="true"/>
            <generatedKey column="id" sqlStatement="JDBC"/>
        </table>

        <table tableName="lable" domainObjectName="Lable" enableCountByExample="false" enableUpdateByExample="false" enableDeleteByExample="false" enableSelectByExample="true" selectByExampleQueryId="false">
            <property name="my.isgen.usekeys" value="true"/>
            <property name="useActualColumnNames" value="true"/>
            <generatedKey column="id" sqlStatement="JDBC"/>
        </table>

        <table tableName="ordergood" domainObjectName="Ordergood" enableCountByExample="false" enableUpdateByExample="false" enableDeleteByExample="false" enableSelectByExample="true" selectByExampleQueryId="false">
            <property name="my.isgen.usekeys" value="true"/>
            <property name="useActualColumnNames" value="true"/>
            <generatedKey column="id" sqlStatement="JDBC"/>
        </table>

        <table tableName="orderpromotion" domainObjectName="Orderpromotion" enableCountByExample="false" enableUpdateByExample="false" enableDeleteByExample="false" enableSelectByExample="true" selectByExampleQueryId="false">
            <property name="my.isgen.usekeys" value="true"/>
            <property name="useActualColumnNames" value="true"/>
            <generatedKey column="id" sqlStatement="JDBC"/>
        </table>

        <table tableName="placeorder" domainObjectName="Placeorder" enableCountByExample="false" enableUpdateByExample="false" enableDeleteByExample="false" enableSelectByExample="true" selectByExampleQueryId="false">
            <property name="my.isgen.usekeys" value="true"/>
            <property name="useActualColumnNames" value="true"/>
            <generatedKey column="id" sqlStatement="JDBC"/>
        </table>

        <table tableName="pro_category" domainObjectName="Pro_Category" enableCountByExample="false" enableUpdateByExample="false" enableDeleteByExample="false" enableSelectByExample="true" selectByExampleQueryId="false">
            <property name="my.isgen.usekeys" value="true"/>
            <property name="useActualColumnNames" value="true"/>
            <generatedKey column="id" sqlStatement="JDBC"/>
        </table>

        <table tableName="product" domainObjectName="Product" enableCountByExample="false" enableUpdateByExample="false" enableDeleteByExample="false" enableSelectByExample="true" selectByExampleQueryId="false">
            <property name="my.isgen.usekeys" value="true"/>
            <property name="useActualColumnNames" value="true"/>
            <generatedKey column="id" sqlStatement="JDBC"/>
        </table>


        <table tableName="productimg" domainObjectName="Productimg" enableCountByExample="false" enableUpdateByExample="false" enableDeleteByExample="false" enableSelectByExample="true" selectByExampleQueryId="false">
            <property name="my.isgen.usekeys" value="true"/>
            <property name="useActualColumnNames" value="true"/>
            <generatedKey column="id" sqlStatement="JDBC"/>
        </table>

        <table tableName="promotion" domainObjectName="Promotion" enableCountByExample="false" enableUpdateByExample="false" enableDeleteByExample="false" enableSelectByExample="true" selectByExampleQueryId="false">
            <property name="my.isgen.usekeys" value="true"/>
            <property name="useActualColumnNames" value="true"/>
            <generatedKey column="id" sqlStatement="JDBC"/>
        </table>

        <table tableName="receipt" domainObjectName="Receipt" enableCountByExample="false" enableUpdateByExample="false" enableDeleteByExample="false" enableSelectByExample="true" selectByExampleQueryId="false">
            <property name="my.isgen.usekeys" value="true"/>
            <property name="useActualColumnNames" value="true"/>
            <generatedKey column="id" sqlStatement="JDBC"/>
        </table>

        <table tableName="role" domainObjectName="Role" enableCountByExample="false" enableUpdateByExample="false" enableDeleteByExample="false" enableSelectByExample="true" selectByExampleQueryId="false">
            <property name="my.isgen.usekeys" value="true"/>
            <property name="useActualColumnNames" value="true"/>
            <generatedKey column="id" sqlStatement="JDBC"/>
        </table>

        <table tableName="runwater" domainObjectName="Runwater" enableCountByExample="false" enableUpdateByExample="false" enableDeleteByExample="false" enableSelectByExample="true" selectByExampleQueryId="false">
            <property name="my.isgen.usekeys" value="true"/>
            <property name="useActualColumnNames" value="true"/>
            <generatedKey column="id" sqlStatement="JDBC"/>
        </table>

        <table tableName="stand" domainObjectName="Stand" enableCountByExample="false" enableUpdateByExample="false" enableDeleteByExample="false" enableSelectByExample="true" selectByExampleQueryId="false">
            <property name="my.isgen.usekeys" value="true"/>
            <property name="useActualColumnNames" value="true"/>
            <generatedKey column="id" sqlStatement="JDBC"/>
        </table>

        <table tableName="stock" domainObjectName="Stock" enableCountByExample="false" enableUpdateByExample="false" enableDeleteByExample="false" enableSelectByExample="true" selectByExampleQueryId="false">
            <property name="my.isgen.usekeys" value="true"/>
            <property name="useActualColumnNames" value="true"/>
            <generatedKey column="id" sqlStatement="JDBC"/>
        </table>

        <table tableName="stockintype" domainObjectName="StockInType" enableCountByExample="false" enableUpdateByExample="false" enableDeleteByExample="false" enableSelectByExample="true" selectByExampleQueryId="false">
            <property name="my.isgen.usekeys" value="true"/>
            <property name="useActualColumnNames" value="true"/>
            <generatedKey column="id" sqlStatement="JDBC"/>
        </table>

        <table tableName="stockouttype" domainObjectName="StockOutType" enableCountByExample="false" enableUpdateByExample="false" enableDeleteByExample="false" enableSelectByExample="true" selectByExampleQueryId="false">
            <property name="my.isgen.usekeys" value="true"/>
            <property name="useActualColumnNames" value="true"/>
            <generatedKey column="id" sqlStatement="JDBC"/>
        </table>

        <table tableName="supplier" domainObjectName="Supplier" enableCountByExample="false" enableUpdateByExample="false" enableDeleteByExample="false" enableSelectByExample="true" selectByExampleQueryId="false">
            <property name="my.isgen.usekeys" value="true"/>
            <property name="useActualColumnNames" value="true"/>
            <generatedKey column="id" sqlStatement="JDBC"/>
        </table>

        <table tableName="unit" domainObjectName="Unit" enableCountByExample="false" enableUpdateByExample="false" enableDeleteByExample="false" enableSelectByExample="true" selectByExampleQueryId="false">
            <property name="my.isgen.usekeys" value="true"/>
            <property name="useActualColumnNames" value="true"/>
            <generatedKey column="id" sqlStatement="JDBC"/>
        </table>

        <table tableName="warehouse" domainObjectName="Warehouse" enableCountByExample="false" enableUpdateByExample="false" enableDeleteByExample="false" enableSelectByExample="true" selectByExampleQueryId="false">
            <property name="my.isgen.usekeys" value="true"/>
            <property name="useActualColumnNames" value="true"/>
            <generatedKey column="id" sqlStatement="JDBC"/>
        </table>


    </context>
</generatorConfiguration>